title,company,location,url
Senior Site Reliability Engineer ML Platforms,2100 NVIDIA USA,"US, CA, Santa Clara",https://remoteOK.com/remote-jobs/remote-senior-site-reliability-engineer-ml-platforms-2100-nvidia-usa-1093465
Senior Software Engineer Open Source Server,Temporal,,https://remoteOK.com/remote-jobs/remote-senior-software-engineer-open-source-server-temporal-1093463
Golang Engineer,Unikraft,,https://remoteOK.com/remote-jobs/remote-golang-engineer-unikraft-1093462
Golang Engineer,Unikraft,,https://remoteOK.com/remote-jobs/remote-golang-engineer-unikraft-1093459
Senior Python Backend Engineer,Orga AI,,https://remoteOK.com/remote-jobs/remote-senior-python-backend-engineer-orga-ai-1093458
Go Developer Consultant,GoDevs,,https://remoteOK.com/remote-jobs/remote-go-developer-consultant-godevs-1093457
VP Associate Talent Acquisition,Hex Trust,Hong Kong,https://remoteOK.com/remote-jobs/remote-vp-associate-talent-acquisition-hex-trust-1093456
Software Engineer Interop,Mysten Labs,,https://remoteOK.com/remote-jobs/remote-software-engineer-interop-mysten-labs-1093455
Senior Backend Engineer II,Gametime,,https://remoteOK.com/remote-jobs/remote-senior-backend-engineer-ii-gametime-1093453
Infrastructure Engineer,Inngest,,https://remoteOK.com/remote-jobs/remote-infrastructure-engineer-inngest-1093452
React Native Developer,Interviews Chat,,https://remoteOK.com/remote-jobs/remote-react-native-developer-interviews-chat-1093451
Software Engineer,Jump,,https://remoteOK.com/remote-jobs/remote-software-engineer-jump-1093450
Mental Health Therapist,Included Health,Remote,https://remoteOK.com/remote-jobs/remote-mental-health-therapist-included-health-1093448
Heavy Maintenance Representative,Allegiant,"Las Vegas, NV",https://remoteOK.com/remote-jobs/remote-heavy-maintenance-representative-allegiant-1093447
Freelance Screenshot Collector Chinese,TransPerfect,,https://remoteOK.com/remote-jobs/remote-freelance-screenshot-collector-chinese-transperfect-1093446
Workday HR Systems Analyst,MoonPay,,https://remoteOK.com/remote-jobs/remote-workday-hr-systems-analyst-moonpay-1093445
Information Security Officer,Finoa,,https://remoteOK.com/remote-jobs/remote-information-security-officer-finoa-1093444
Software Engineer Ledger IOE Cardano,IO Global,,https://remoteOK.com/remote-jobs/remote-software-engineer-ledger-ioe-cardano-io-global-1093443
PR & Events Intern Digital Assets,Keyrock,,https://remoteOK.com/remote-jobs/remote-pr-events-intern-digital-assets-keyrock-1093442
Senior Staff Software Engineer Backend,OneSignal,,https://remoteOK.com/remote-jobs/remote-senior-staff-software-engineer-backend-onesignal-1093441
Opportunity for Golang Experts > who can think and work Full Stack,Autopilot,,https://remoteOK.com/remote-jobs/remote-opportunity-for-golang-experts-who-can-think-and-work-full-stack-autopilot-1093440
Senior Fullstack Developer,Swipe Games,,https://remoteOK.com/remote-jobs/remote-senior-fullstack-developer-swipe-games-1093439
Customer Content Manager,Binkies,,https://remoteOK.com/remote-jobs/remote-customer-content-manager-binkies-1093438
English Language Data Annotator,TransPerfect,,https://remoteOK.com/remote-jobs/remote-english-language-data-annotator-transperfect-1093437
Customer Support Manager United States,Aircall,Remote NA,https://remoteOK.com/remote-jobs/remote-customer-support-manager-united-states-aircall-1093436
Freelance English Annotators,TransPerfect,,https://remoteOK.com/remote-jobs/remote-freelance-english-annotators-transperfect-1093435
Senior System Software Engineer Cloud Networking,2100 NVIDIA USA,"US, CA, Santa Clara",https://remoteOK.com/remote-jobs/remote-senior-system-software-engineer-cloud-networking-2100-nvidia-usa-1093434
Solutions Consultant,Highspot,United States,https://remoteOK.com/remote-jobs/remote-solutions-consultant-highspot-1093433
Print & Multimedia Designer,Tether Operations Limited,,https://remoteOK.com/remote-jobs/remote-print-multimedia-designer-tether-operations-limited-1093432
Senior Regulatory Specialist,DeepHealth,,https://remoteOK.com/remote-jobs/remote-senior-regulatory-specialist-deephealth-1093431
Grants Auditor Hybrid with Travel,Ibility,Washington DC,https://remoteOK.com/remote-jobs/remote-grants-auditor-hybrid-with-travel-ibility-1093430
Senior UI UX Designer Data & AI Platform,Soda,,https://remoteOK.com/remote-jobs/remote-senior-ui-ux-designer-data-ai-platform-soda-1093427
Compliance Operations Specialist,Ethena Labs,Globally Remote,https://remoteOK.com/remote-jobs/remote-compliance-operations-specialist-ethena-labs-1093423
Event Assistant,Tether Operations Limited,,https://remoteOK.com/remote-jobs/remote-event-assistant-tether-operations-limited-1093421
Site Reliability Engineer,Tinybird,,https://remoteOK.com/remote-jobs/remote-site-reliability-engineer-tinybird-1093416
Developer Relations Engineer,Arbitrum Foundation,Remote,https://remoteOK.com/remote-jobs/remote-developer-relations-engineer-arbitrum-foundation-1093415
Organic and Paid Growth Specialist,Interaction Design Foundation,,https://remoteOK.com/remote-jobs/remote-organic-and-paid-growth-specialist-interaction-design-foundation-1093414
Senior Full Stack Engineer,AMK Solutions,,https://remoteOK.com/remote-jobs/remote-senior-full-stack-engineer-amk-solutions-1093412
Founding Engineer,Teracy,,https://remoteOK.com/remote-jobs/remote-founding-engineer-teracy-1093410
Senior Backend Developer Node,Tether Operations Limited,,https://remoteOK.com/remote-jobs/remote-senior-backend-developer-node-tether-operations-limited-1093406
Enterprise Cloud Architect,Liatrio,Remote,https://remoteOK.com/remote-jobs/remote-enterprise-cloud-architect-liatrio-1093403
Senior WordPress Plugins Developer,Melapress,,https://remoteOK.com/remote-jobs/remote-senior-wordpress-plugins-developer-melapress-1093402
Senior AI Engineer Python & LLM Engineer,Lemon.io,,https://remoteOK.com/remote-jobs/remote-senior-ai-engineer-python-llm-engineer-lemon-io-1093400
Senior Golang Backend Engineer,Salesforge,,https://remoteOK.com/remote-jobs/remote-senior-golang-backend-engineer-salesforge-1093398
Opportunity for Golang Experts > who can think and work Full Stack,Autopilot,,https://remoteOK.com/remote-jobs/remote-opportunity-for-golang-experts-who-can-think-and-work-full-stack-autopilot-1093399
Senior Platform Engineer open across ANZ,Canva,,https://remoteOK.com/remote-jobs/remote-senior-platform-engineer-open-across-anz-canva-1093391
Senior Software Engineer,Magnet Forensics,Canada,https://remoteOK.com/remote-jobs/remote-senior-software-engineer-magnet-forensics-1093389
Freelance English Annotators,TransPerfect,,https://remoteOK.com/remote-jobs/remote-freelance-english-annotators-transperfect-1093388
Principal Software Engineer,JumpCloud,,https://remoteOK.com/remote-jobs/remote-principal-software-engineer-jumpcloud-1093387
Registered Dietitian,Foodsmart,US,https://remoteOK.com/remote-jobs/remote-registered-dietitian-foodsmart-1093385
Market Research Executive,Sprinto,Bengaluru,https://remoteOK.com/remote-jobs/remote-market-research-executive-sprinto-1093384
Lifecycle Marketer,Sprinto,India,https://remoteOK.com/remote-jobs/remote-lifecycle-marketer-sprinto-1093383
Creative Event Producer Fully,Meeting Tomorrow,Remote - United States only,https://remoteOK.com/remote-jobs/remote-creative-event-producer-fully-meeting-tomorrow-1093382
Account Executive,"Swiftly, Inc.",Remote,https://remoteOK.com/remote-jobs/remote-account-executive-swiftly-inc-1093381
Site Reliability Engineer,PayNearMe,,https://remoteOK.com/remote-jobs/remote-site-reliability-engineer-paynearme-1093380
Senior Golang Software Engineer,QAD,,https://remoteOK.com/remote-jobs/remote-senior-golang-software-engineer-qad-1093376
Event Assistant,Tether Operations Limited,,https://remoteOK.com/remote-jobs/remote-event-assistant-tether-operations-limited-1093373
Staff Physician,Vida Health,United States,https://remoteOK.com/remote-jobs/remote-staff-physician-vida-health-1093372
Content and Community Lead,Ethena Labs,Globally Remote,https://remoteOK.com/remote-jobs/remote-content-and-community-lead-ethena-labs-1093370
Data Engineer Fully,SOFTGAMES,,https://remoteOK.com/remote-jobs/remote-data-engineer-fully-softgames-1093369
Sales Development Representative ANZ,Hostaway,,https://remoteOK.com/remote-jobs/remote-sales-development-representative-anz-hostaway-1093368
Personal Assistant,The Sales Centre Co.,,https://remoteOK.com/remote-jobs/remote-personal-assistant-the-sales-centre-co-1093366
Software Engineering Team Lead,bloXroute Labs,Remote,https://remoteOK.com/remote-jobs/remote-software-engineering-team-lead-bloxroute-labs-1093363
Flutter Developer,Gorin Systems,,https://remoteOK.com/remote-jobs/remote-flutter-developer-gorin-systems-1093360
Virtual Assistant $25 Hourly,Brookview Lawncare,,https://remoteOK.com/remote-jobs/remote-virtual-assistant-25-hourly-brookview-lawncare-1093358
Onboarding Specialist French Speaking Spain Italy Portugal UK,Hostaway,,https://remoteOK.com/remote-jobs/remote-onboarding-specialist-french-speaking-spain-italy-portugal-uk-hostaway-1093357
Personal Assistant,The Sales Centre Co.,,https://remoteOK.com/remote-jobs/remote-personal-assistant-the-sales-centre-co-1093356
Project Manager,RainFocus,"Lehi, Utah",https://remoteOK.com/remote-jobs/remote-project-manager-rainfocus-1093355
Head of APAC BD,Jito Foundation,"Remote, Singapore &amp; HK preferred - other APAC locations considered",https://remoteOK.com/remote-jobs/remote-head-of-apac-bd-jito-foundation-1093353
Software Development Engineer,Triple A Technologies Pte,,https://remoteOK.com/remote-jobs/remote-software-development-engineer-triple-a-technologies-pte-1093351
Token Plan Administrator,Toku,United States,https://remoteOK.com/remote-jobs/remote-token-plan-administrator-toku-1093348
Senior Staff Engineer Infrastructure,Pryon,,https://remoteOK.com/remote-jobs/remote-senior-staff-engineer-infrastructure-pryon-1093343
Social Media Manager,Caiz,,https://remoteOK.com/remote-jobs/remote-social-media-manager-caiz-1093342
Senior Backend Engineer,MoonPay,,https://remoteOK.com/remote-jobs/remote-senior-backend-engineer-moonpay-1093336
Senior UI Engineer Senior Frontend Engineer,Toku,,https://remoteOK.com/remote-jobs/remote-senior-ui-engineer-senior-frontend-engineer-toku-1093332
Blockchain Engineer,MoonPay,,https://remoteOK.com/remote-jobs/remote-blockchain-engineer-moonpay-1093331
Senior Crypto and Open Source Intelligence Specialist,Ontario Securities Commission,CA ON Toronto,https://remoteOK.com/remote-jobs/remote-senior-crypto-and-open-source-intelligence-specialist-ontario-securities-commission-1093329
Senior Systems Engineer Autonomous Vehicle Infrastructure,2100 NVIDIA USA,"US, CA, Santa Clara",https://remoteOK.com/remote-jobs/remote-senior-systems-engineer-autonomous-vehicle-infrastructure-2100-nvidia-usa-1093327
Senior Production Engineer,110 Yahoo Holdings Inc.,US - United States of America,https://remoteOK.com/remote-jobs/remote-senior-production-engineer-110-yahoo-holdings-inc-1093325
Associate Senior Associate Underwriting Real Estate Finance,Forbright Bank,"Los Angeles, CA",https://remoteOK.com/remote-jobs/remote-associate-senior-associate-underwriting-real-estate-finance-forbright-bank-1093324
Software Engineer,ControlShift,,https://remoteOK.com/remote-jobs/remote-software-engineer-controlshift-1093322
Sales Development Representative,Colibri Group,1 Remote,https://remoteOK.com/remote-jobs/remote-sales-development-representative-colibri-group-1093321
Business Development Executive,Notabene,,https://remoteOK.com/remote-jobs/remote-business-development-executive-notabene-1093319
Rater the United States,TELUS Digital,,https://remoteOK.com/remote-jobs/remote-rater-the-united-states-telus-digital-1093315
Senior Backend Software Engineer,Bitwise Asset Management,Remote,https://remoteOK.com/remote-jobs/remote-senior-backend-software-engineer-bitwise-asset-management-1093313
Senior Application Security Engineer,Loop,,https://remoteOK.com/remote-jobs/remote-senior-application-security-engineer-loop-1093311
Virtual Assistant Latin America,Walter,,https://remoteOK.com/remote-jobs/remote-virtual-assistant-latin-america-walter-1093309
Advogada Junior Trabalhista,Neon Pagamentos,Remoto,https://remoteOK.com/remote-jobs/remote-advogada-junior-trabalhista-neon-pagamentos-1093307
Senior AI Marketing Video Editor,EverAI,,https://remoteOK.com/remote-jobs/remote-senior-ai-marketing-video-editor-everai-1093304
Sales Development Representative Europe,Hostaway,,https://remoteOK.com/remote-jobs/remote-sales-development-representative-europe-hostaway-1093301
Senior Product Manager Payments Europe,Hostaway,,https://remoteOK.com/remote-jobs/remote-senior-product-manager-payments-europe-hostaway-1093300
Account Executive,Leadr ,United States,https://remoteOK.com/remote-jobs/remote-account-executive-leadr-1093299
Sales Engineer EN,Tameson,,https://remoteOK.com/remote-jobs/remote-sales-engineer-en-tameson-1093298
Social Media Manager,Caiz,,https://remoteOK.com/remote-jobs/remote-social-media-manager-caiz-1093296
Lead Data Engineer,Open Architects,,https://remoteOK.com/remote-jobs/remote-lead-data-engineer-open-architects-1093295
Senior DevOps Engineer,EasyPost,Remote,https://remoteOK.com/remote-jobs/remote-senior-devops-engineer-easypost-1093294
Data Analyst Canada Wide,Newton,"Toronto, Ontario",https://remoteOK.com/remote-jobs/remote-data-analyst-canada-wide-newton-1093292
Product Engineer,Zen Educate,London,https://remoteOK.com/remote-jobs/remote-product-engineer-zen-educate-1093291
Data Scientist,The Voleon Group,United States or Remote,https://remoteOK.com/remote-jobs/remote-data-scientist-the-voleon-group-1093286
